instrument_token,exchange_token,tradingsymbol,name,last_price,expiry,strike,tick_size,lot_size,instrument_type,segment,exchange
256265,1001,NIFTY 50,NIFTY 50,0.0,,0.0,0.0,0,EQ,INDICES,NSE
256777,1003,NIFTY MIDCAP 100,NIFTY MIDCAP 100,0.0,,0.0,0.0,0,EQ,INDICES,NSE
260105,1016,NIFTY BANK,NIFTY BANK,0.0,,0.0,0.0,0,EQ,INDICES,NSE
260617,1018,NIFTY 100,NIFTY 100,0.0,,0.0,0.0,0,EQ,INDICES,NSE
257289,1005,NIFTY COMMODITIES,NIFTY COMMODITIES,0.0,,0.0,0.0,0,EQ,INDICES,NSE
257545,1006,NIFTY CONSUMPTION,NIFTY CONSUMPTION,0.0,,0.0,0.0,0,EQ,INDICES,NSE
257801,1007,NIFTY FIN SERVICE,NIFTY FIN SERVICE,0.0,,0.0,0.0,0,EQ,INDICES,NSE
259849,1015,NIFTY IT,NIFTY IT,0.0,,0.0,0.0,0,EQ,INDICES,NSE
260873,1019,NIFTY MIDCAP 50,NIFTY MIDCAP 50,0.0,,0.0,0.0,0,EQ,INDICES,NSE
261129,1020,NIFTY REALTY,NIFTY REALTY,0.0,,0.0,0.0,0,EQ,INDICES,NSE
261385,1021,NIFTY INFRA,NIFTY INFRA,0.0,,0.0,0.0,0,EQ,INDICES,NSE
261641,1022,NIFTY ENERGY,NIFTY ENERGY,0.0,,0.0,0.0,0,EQ,INDICES,NSE
261897,1023,NIFTY FMCG,NIFTY FMCG,0.0,,0.0,0.0,0,EQ,INDICES,NSE
262153,1024,NIFTY MNC,NIFTY MNC,0.0,,0.0,0.0,0,EQ,INDICES,NSE
262409,1025,NIFTY PHARMA,NIFTY PHARMA,0.0,,0.0,0.0,0,EQ,INDICES,NSE
262665,1026,NIFTY PSE,NIFTY PSE,0.0,,0.0,0.0,0,EQ,INDICES,NSE
262921,1027,NIFTY PSU BANK,NIFTY PSU BANK,0.0,,0.0,0.0,0,EQ,INDICES,NSE
263177,1028,NIFTY SERV SECTOR,NIFTY SERV SECTOR,0.0,,0.0,0.0,0,EQ,INDICES,NSE
263433,1029,NIFTY AUTO,NIFTY AUTO,0.0,,0.0,0.0,0,EQ,INDICES,NSE
263689,1030,NIFTY METAL,NIFTY METAL,0.0,,0.0,0.0,0,EQ,INDICES,NSE
263945,1031,NIFTY MEDIA,NIFTY MEDIA,0.0,,0.0,0.0,0,EQ,INDICES,NSE
264457,1033,NIFTY 200,NIFTY 200,0.0,,0.0,0.0,0,EQ,INDICES,NSE
264969,1035,INDIA VIX,INDIA VIX,0.0,,0.0,0.0,0,EQ,INDICES,NSE
265225,1036,NIFTY50 DIV POINT,NIFTY50 DIV POINT,0.0,,0.0,0.0,0,EQ,INDICES,NSE
265737,1038,NIFTY200 QUALTY30,NIFTY200 QUALTY30,0.0,,0.0,0.0,0,EQ,INDICES,NSE
265993,1039,NIFTY ALPHA 50,NIFTY ALPHA 50,0.0,,0.0,0.0,0,EQ,INDICES,NSE
266249,1040,NIFTY MIDCAP 150,NIFTY MIDCAP 150,0.0,,0.0,0.0,0,EQ,INDICES,NSE
266505,1041,NIFTY MIDSML 400,NIFTY MIDSML 400,0.0,,0.0,0.0,0,EQ,INDICES,NSE
266761,1042,NIFTY SMLCAP 50,NIFTY SMLCAP 50,0.0,,0.0,0.0,0,EQ,INDICES,NSE
267529,1045,NIFTY50 VALUE 20,NIFTY50 VALUE 20,0.0,,0.0,0.0,0,EQ,INDICES,NSE
267785,1046,NIFTY100 LIQ 15,NIFTY100 LIQ 15,0.0,,0.0,0.0,0,EQ,INDICES,NSE
268041,1047,NIFTY 500,NIFTY 500,0.0,,0.0,0.0,0,EQ,INDICES,NSE
268297,1048,NIFTY CPSE,NIFTY CPSE,0.0,,0.0,0.0,0,EQ,INDICES,NSE
270345,1056,NIFTY GROWSECT 15,NIFTY GROWSECT 15,0.0,,0.0,0.0,0,EQ,INDICES,NSE
270857,1058,NIFTY NEXT 50,NIFTY NEXT 50,0.0,,0.0,0.0,0,EQ,INDICES,NSE
271113,1059,NIFTY PVT BANK,NIFTY PVT BANK,0.0,,0.0,0.0,0,EQ,INDICES,NSE
288265,1126,NIFTY FINSRV25 50,NIFTY FINSRV25 50,0.0,,0.0,0.0,0,EQ,INDICES,NSE
288521,1127,NIFTY HEALTHCARE,NIFTY HEALTHCARE,0.0,,0.0,0.0,0,EQ,INDICES,NSE
288777,1128,NIFTY CONSR DURBL,NIFTY CONSR DURBL,0.0,,0.0,0.0,0,EQ,INDICES,NSE
289033,1129,NIFTY OIL AND GAS,NIFTY OIL AND GAS,0.0,,0.0,0.0,0,EQ,INDICES,NSE
289289,1130,NIFTY500 MULTICAP,NIFTY500 MULTICAP,0.0,,0.0,0.0,0,EQ,INDICES,NSE
290313,1134,NIFTY TOTAL MKT,NIFTY TOTAL MKT,0.0,,0.0,0.0,0,EQ,INDICES,NSE
291081,1137,NIFTY INDIA MFG,NIFTY INDIA MFG,0.0,,0.0,0.0,0,EQ,INDICES,NSE
291337,1138,NIFTY IND DIGITAL,NIFTY IND DIGITAL,0.0,,0.0,0.0,0,EQ,INDICES,NSE
405257,1583,NIFTY CORP MAATR,NIFTY INDIA SELECT 5 CORPORATE GROUPS,0.0,,0.0,0.0,0,EQ,INDICES,NSE
405513,1584,NIFTY EV,NIFTY EV & NEW AGE AUTOMOTIVE,0.0,,0.0,0.0,0,EQ,INDICES,NSE
406281,1587,NIFTY MOBILITY,NIFTY MOBILITY,0.0,,0.0,0.0,0,EQ,INDICES,NSE
406793,1589,NIFTY NEW CONSUMP,NIFTY INDIA NEW AGE CONSUMPTION,0.0,,0.0,0.0,0,EQ,INDICES,NSE
407049,1590,NIFTY QLTY LV 30,NIFTY QUALITY LOW VOLATILITY 30,0.0,,0.0,0.0,0,EQ,INDICES,NSE
410377,1603,NIFTY COREHOUSING,NIFTY CORE HOUSING,0.0,,0.0,0.0,0,EQ,INDICES,NSE
410633,1604,NIFTY FINSEREXBNK,NIFTY FINANCIAL SERVICES,0.0,,0.0,0.0,0,EQ,INDICES,NSE
410889,1605,NIFTY HOUSING,NIFTY HOUSING,0.0,,0.0,0.0,0,EQ,INDICES,NSE
411145,1606,NIFTY IPO,NIFTY IPO,0.0,,0.0,0.0,0,EQ,INDICES,NSE
412425,1611,NIFTY RURAL,NIFTY RURAL,0.0,,0.0,0.0,0,EQ,INDICES,NSE
412937,1613,NIFTY TRANS LOGIS,NIFTY TRANSPORTATION & LOGISTICS,0.0,,0.0,0.0,0,EQ,INDICES,NSE
413961,1617,NIFTY IND DEFENCE,NIFTY INDIA DEFENCE,0.0,,0.0,0.0,0,EQ,INDICES,NSE
414217,1618,NIFTY IND TOURISM,NIFTY INDIA TOURISM,0.0,,0.0,0.0,0,EQ,INDICES,NSE
414473,1619,NIFTY CAPITAL MKT,NIFTY CAPITAL MARKETS,0.0,,0.0,0.0,0,EQ,INDICES,NSE
